{
  "accuracy": 0.637931,
  "f1": 0.461538,
  "roc_auc": 0.595139
}